name,address,phone,website,rating,reviewsCount,category,hours,reviews
"Cafe AURIKA | Garden cafe","C - 14, Block C, Sushant Lok Phase I, Sector 43, Gurugram, Haryana 122009","088260 02788","","4.2","876","Cafe","Monday8 am–12 amTuesday8 am–12 amWednesday8 am–12 amThursday8 am–12 amFriday8 am–12 amSaturday8 am–12 amSunday8 am–12 amSuggest new hours","[object Object],[object Object],[object Object]"
"Cafe AURIKA | Garden cafe","C - 14, Block C, Sushant Lok Phase I, Sector 43, Gurugram, Haryana 122009","088260 02788","","4.2","876","Cafe","Monday8 am–12 amTuesday8 am–12 amWednesday8 am–12 amThursday8 am–12 amFriday8 am–12 amSaturday8 am–12 amSunday8 am–12 amSuggest new hours","[object Object],[object Object],[object Object]"
"Unico","Ground Floor, Global Foyer Mall, Golf Course Rd, Sector 43, Gurugram, Haryana 122009","092664 00540","https://unico.restaurant/","4.7","129","Restaurant","Monday12–11 pmTuesday12–11 pmWednesday12–11 pmThursday12–11 pmFriday12–11 pmSaturday12–11 pmSunday12–11 pmSuggest new hours","[object Object],[object Object],[object Object]"
"Unico","Ground Floor, Global Foyer Mall, Golf Course Rd, Sector 43, Gurugram, Haryana 122009","092664 00540","https://unico.restaurant/","4.7","129","Restaurant","Monday12–11 pmTuesday12–11 pmWednesday12–11 pmThursday12–11 pmFriday12–11 pmSaturday12–11 pmSunday12–11 pmSuggest new hours","[object Object],[object Object],[object Object]"
"Vicoli","Global Foyer Mall, Sector 43, Gurugram, Haryana 122009","","https://vicoli.in/#","4.5","54","European restaurant","Monday12 pm–1 amTuesday12 pm–1 amWednesday12 pm–1 amThursday12 pm–1 amFriday12 pm–1 amSaturday12 pm–1 amSunday12 pm–1 amSuggest new hours","[object Object],[object Object],[object Object]"
"ReSet By Plan B - Sector 42","Alpha Corp, Golf Course Rd, Sector 43, Gurugram, Haryana 122009","099997 89556","","4.2","5603","Fast food restaurant","Monday12 pm–12 amTuesday12 pm–12 amWednesday12 pm–12 amThursday12 pm–12 amFriday12 pm–12 amSaturday12 pm–12 amSunday12 pm–12 amSuggest new hours","[object Object],[object Object],[object Object]"
"BEGETERRE - A MUSEUM THEMED RESTAURANT","Ground Floor, G-02, Golf Course Rd, Sector 43, Gurugram, Haryana 122009","092665 11779","https://www.instagram.com/begeterreindia/","4.5","1017","Restaurant","Monday8 am–12 amTuesday8 am–12 amWednesday8 am–12 amThursday8 am–12 amFriday8 am–12 amSaturday8 am–12 amSunday8 am–12 amSuggest new hours","[object Object],[object Object],[object Object]"
"BEGETERRE - A MUSEUM THEMED RESTAURANT","Ground Floor, G-02, Golf Course Rd, Sector 43, Gurugram, Haryana 122009","092665 11779","https://www.instagram.com/begeterreindia/","4.5","1017","Restaurant","Monday8 am–12 amTuesday8 am–12 amWednesday8 am–12 amThursday8 am–12 amFriday8 am–12 amSaturday8 am–12 amSunday8 am–12 amSuggest new hours","[object Object],[object Object],[object Object]"
"Japonico","Second Floor, Tower D, Vipul Tech Square, Golf Course Rd, near Sector 42-43, Sector 43, Gurugram, Haryana 122009","099480 00039","https://www.instagram.com/japonico.ggn?igsh=YXZ2dnNraHFuYW8x","4.2","386","Japanese restaurant","Monday12–4 pm7 pm–1 amTuesday12–4 pm7 pm–1 amWednesday12–4 pm7 pm–1 amThursday12–4 pm7 pm–1 amFriday12–4 pm7 pm–1 amSaturday12–4 pm7 pm–2 amSunday12–4 pm7 pm–2 amSuggest new hours","[object Object],[object Object],[object Object]"
"Japonico","Second Floor, Tower D, Vipul Tech Square, Golf Course Rd, near Sector 42-43, Sector 43, Gurugram, Haryana 122009","099480 00039","https://www.instagram.com/japonico.ggn?igsh=YXZ2dnNraHFuYW8x","4.2","386","Japanese restaurant","Monday12–4 pm7 pm–1 amTuesday12–4 pm7 pm–1 amWednesday12–4 pm7 pm–1 amThursday12–4 pm7 pm–1 amFriday12–4 pm7 pm–1 amSaturday12–4 pm7 pm–2 amSunday12–4 pm7 pm–2 amSuggest new hours","[object Object],[object Object],[object Object]"
"Claypot Kitchens","SCO-23, Housing Board Shopping Complex, opposite Maruti Vihar Exit Gate Road, near Mehrauli-Gurgaon Road, Saraswati Vihar, Chakkarpur, Gurugram, Haryana 122002","093112 12800","","4.9","436","North Indian restaurant","","[object Object],[object Object],[object Object]"
"Cosy Box","Ground Floor, Golf Course Rd, Harizan Colony, DLF Phase 5, Sector 43, Gurugram, Haryana 122009","097089 39495","https://cosybox.in/","4.4","210","Mediterranean restaurant","Monday12 pm–12 amTuesday12 pm–12 amWednesday12 pm–12 amThursday12 pm–12 amFriday12 pm–12 amSaturday12 pm–12 amSunday12 pm–12 amSuggest new hours","[object Object],[object Object],[object Object]"
"Kogai- Fine Japanese Dining","Ground Floor, Global Foyer Mall, Golf Course Rd, Sector 43, Gurugram, Haryana 122009","088264 19388","","4.8","789","Restaurant","Monday12–3 pm5:30–10:30 pmTuesday12–3 pm5:30–10:30 pmWednesday12–3 pm5:30–10:30 pmThursday12–3 pm5:30–10:30 pmFriday12–3 pm5:30–10:30 pmSaturday12–3 pm5:30–10:30 pmSunday12–3 pm5:30–10:30 pmSuggest new hours","[object Object],[object Object],[object Object]"
"Kogai- Fine Japanese Dining","Ground Floor, Global Foyer Mall, Golf Course Rd, Sector 43, Gurugram, Haryana 122009","088264 19388","","4.8","789","Restaurant","Monday12–3 pm5:30–10:30 pmTuesday12–3 pm5:30–10:30 pmWednesday12–3 pm5:30–10:30 pmThursday12–3 pm5:30–10:30 pmFriday12–3 pm5:30–10:30 pmSaturday12–3 pm5:30–10:30 pmSunday12–3 pm5:30–10:30 pmSuggest new hours","[object Object],[object Object],[object Object]"
"Carnatic Cafe","HQ 27, SECTOR 27, Sector 43, Gurugram, Haryana 122009","098710 83530","https://www.instagram.com/carnaticcafeindia/","4.6","145","Restaurant","Monday9 am–10:30 pmTuesday9 am–10:30 pmWednesday9 am–10:30 pmThursday9 am–10:30 pmFriday9 am–10:30 pmSaturday9 am–10:30 pmSunday9 am–10:30 pmSuggest new hours","[object Object],[object Object],[object Object]"
"Carnatic Cafe","HQ 27, SECTOR 27, Sector 43, Gurugram, Haryana 122009","098710 83530","https://www.instagram.com/carnaticcafeindia/","4.6","145","Restaurant","Monday9 am–10:30 pmTuesday9 am–10:30 pmWednesday9 am–10:30 pmThursday9 am–10:30 pmFriday9 am–10:30 pmSaturday9 am–10:30 pmSunday9 am–10:30 pmSuggest new hours","[object Object],[object Object],[object Object]"
"Vietnam-ease Càphê","Unit 32, GF, Global Foyer Mall, Sector 43, Gurugram, Haryana 122009","084488 48212","http://vietnamease.com/","4.6","49","Asian restaurant","Monday12–3:30 pm6–11 pmTuesday12–3:30 pm6–11 pmWednesday12–3:30 pm6–11 pmThursday12–3:30 pm6–11 pmFriday12–3:30 pm6–11 pmSaturday12–3:30 pm6–11 pmSunday12–3:30 pm6–11 pmSuggest new hours","[object Object],[object Object],[object Object]"
"Another Fine Day Cafe & Reading Room","Ground Floor, Golf Course Rd, DLF Phase 5, Sector 43, Gurugram, Haryana 122009","0124 438 6155","http://www.anotherfineday.net/","4.4","1688","Cafe","Monday10 am–10 pmTuesday10 am–10 pmWednesday10 am–10 pmThursday10 am–10 pmFriday10 am–10 pmSaturday10 am–10 pmSunday10 am–10 pmSuggest new hours","[object Object],[object Object],[object Object]"
"Sidewok Restaurant","Ground Floor, DLF Phase V, Golf Course Rd, Sector 54, Gurugram, Haryana 122009","0124 438 6133","http://www.sidewok.in/","4.4","1132","Pan-Asian restaurant","Monday12–11:30 pmTuesday12–11:30 pmWednesday12–11:30 pmThursday12–11:30 pmFriday12–11:30 pmSaturday12–11:30 pmSunday12–11:30 pmSuggest new hours","[object Object],[object Object],[object Object]"
"Sidewok Restaurant","Ground Floor, DLF Phase V, Golf Course Rd, Sector 54, Gurugram, Haryana 122009","0124 438 6133","http://www.sidewok.in/","4.4","1132","Pan-Asian restaurant","Monday12–11:30 pmTuesday12–11:30 pmWednesday12–11:30 pmThursday12–11:30 pmFriday12–11:30 pmSaturday12–11:30 pmSunday12–11:30 pmSuggest new hours","[object Object],[object Object],[object Object]"
"Porche","1 &2, Golf Avenue, SCO, 42, Golf Course Rd, Sector 42, Gurugram, Haryana 122009","092205 70444","https://www.porche.co.in/","4.6","381","Brewpub","","[object Object],[object Object],[object Object]"
"Parat","LGF, Sushant shopping arcade, D- 003, B Block Dr, Sushant Lok Phase I, Sector 43, Gurugram, Haryana 122009","074017 40128","","4.3","236","Indian restaurant","","[object Object],[object Object],[object Object]"
"KUURAKU","15, Global Foyer, Global Foyer Mall, Golf Course Rd, Sector 43, Gurugram, Haryana 122009","098180 55080","https://kuuraku.in/","4.5","2072","Japanese restaurant","","[object Object],[object Object],[object Object]"
"KUURAKU","15, Global Foyer, Global Foyer Mall, Golf Course Rd, Sector 43, Gurugram, Haryana 122009","098180 55080","https://kuuraku.in/","4.5","2072","Japanese restaurant","","[object Object],[object Object],[object Object]"
"Kitchen District","Find Dining food avenue, Hyatt Regency, 1st Floor, Sector 83, Gurugram, Haryana 122012","0124 502 1234","https://www.hyattrestaurants.com/en/gurugram/restaurant/kitchen-district","4","206","Buffet restaurant","Monday6:30 am–11:30 pmTuesday6:30 am–11:30 pmWednesday6:30 am–11:30 pmThursday6:30 am–11:30 pmFriday6:30 am–11:30 pmSaturday6:30 am–11:30 pmSunday6:30 am–11 pmSuggest new hours","[object Object],[object Object],[object Object]"
"One8 Commune - Golf Course Road","Unit No. 4 Ground Floor, The Statement Baani, Golf Course Rd, Sector 43, Gurugram, Haryana 122009","072830 00018","https://one8commune.co.in/","4.2","182","Restaurant","Monday12:30 pm–12 amTuesday12:30 pm–12 amWednesday12:30 pm–12 amThursday12:30 pm–12 amFriday12:30 pm–12 amSaturday12:30 pm–12 amSunday12:30 pm–12 amSuggest new hours","[object Object],[object Object],[object Object]"
"Cafe Dakia","ROF PORTICO I, Vyapar Kendra Rd, Block C, Sushant Lok Phase I, Sector 43, Gurugram, Haryana 122009","088820 06127","","4.5","407","Pizza restaurant","","[object Object],[object Object],[object Object]"
"Kansi","E- 33, Sushant Lok Phase I, Sector 43, Gurugram, Haryana 122009","098540 83083","","4.4","74","Restaurant","","[object Object],[object Object],[object Object]"
"Garden Grub Cafe","B-711, 4th Floor, opposite Huda City Centre, Sushant Lok Phase I, Sector 43, Gurugram, Haryana 122009","","","3.7","6","Cafe","Monday6 am–11 pmTuesday6 am–11 pmWednesday6 am–11 pmThursday6 am–11 pmFriday6 am–11 pmSaturday6 am–11 pmSunday9 am–8 pmSuggest new hours","[object Object],[object Object],[object Object]"
"Garden Grub Cafe","B-711, 4th Floor, opposite Huda City Centre, Sushant Lok Phase I, Sector 43, Gurugram, Haryana 122009","","","3.7","6","Cafe","Monday6 am–11 pmTuesday6 am–11 pmWednesday6 am–11 pmThursday6 am–11 pmFriday6 am–11 pmSaturday6 am–11 pmSunday9 am–8 pmSuggest new hours","[object Object],[object Object],[object Object]"
"COVAH The Cavern","Unit 03, F33W+PJW The Statement Baani, Sector 43, Gurugram, Haryana 122009","092664 50404","http://www.covahindia.com/","4","616","Bar","Monday12 pm–1 amTuesday12 pm–1 amWednesday12 pm–1 amThursday12 pm–1 amFriday12 pm–2 amSaturday12 pm–2 amSunday12 pm–1 amSuggest new hours","[object Object],[object Object],[object Object]"
"COVAH The Cavern","Unit 03, F33W+PJW The Statement Baani, Sector 43, Gurugram, Haryana 122009","092664 50404","http://www.covahindia.com/","4","616","Bar","Monday12 pm–1 amTuesday12 pm–1 amWednesday12 pm–1 amThursday12 pm–1 amFriday12 pm–2 amSaturday12 pm–2 amSunday12 pm–1 amSuggest new hours","[object Object],[object Object],[object Object]"
"1900 AD A Kitchen Love Story","Block B, Sector 43, Gurugram, Haryana 122009","090157 03000","","4.5","80","Biryani restaurant","Monday7 am–12 amTuesday7 am–12 amWednesday7 am–12 amThursday7 am–12 amFriday7 am–12 amSaturday7 am–12 amSunday7 am–12 amSuggest new hours","[object Object],[object Object],[object Object]"
"1900 AD A Kitchen Love Story","Block B, Sector 43, Gurugram, Haryana 122009","090157 03000","","4.5","80","Biryani restaurant","Monday7 am–12 amTuesday7 am–12 amWednesday7 am–12 amThursday7 am–12 amFriday7 am–12 amSaturday7 am–12 amSunday7 am–12 amSuggest new hours","[object Object],[object Object],[object Object]"
"Whisky Samba | Best Bar & Restaurant in Gurugram","Shop No. 103,104 Two Horizon Center, DLF Phase 5, Sector 43, Gurugram, Haryana 122009","095605 65959","https://whiskysamba.co.in/","4.3","4551","Bar & grill","Monday12 pm–2 amTuesday12 pm–2 amWednesday12 pm–2 amThursday12 pm–2 amFriday12 pm–3 amSaturday12 pm–3 amSunday12 pm–2 amSuggest new hours","[object Object],[object Object],[object Object]"
"Karim's Mughal Palace","Ground Floor Shop, Global Foyer Mall, 4, Golf Course Rd, Sector 43, Gurugram, Haryana 122009","0124 411 6222","","3.8","468","Mughlai restaurant","","[object Object],[object Object],[object Object]"
"Karim's Mughal Palace","Ground Floor Shop, Global Foyer Mall, 4, Golf Course Rd, Sector 43, Gurugram, Haryana 122009","0124 411 6222","","3.8","468","Mughlai restaurant","","[object Object],[object Object],[object Object]"
"Manhattan Bar & Brewery","1st Floor Global Foyer Mall Unit 001, Golf Course Rd, Sector 43, Gurugram, Haryana 122009","088006 97549","http://manhattanbrewery2013.in/","4.4","11046","Brewpub","Monday1 pm–1 amTuesday1 pm–1 amWednesday1 pm–1 amThursday1 pm–1 amFriday1 pm–2 amSaturday1 pm–2 amSunday1 pm–1 amSuggest new hours","[object Object],[object Object],[object Object]"
"Manhattan Bar & Brewery","1st Floor Global Foyer Mall Unit 001, Golf Course Rd, Sector 43, Gurugram, Haryana 122009","088006 97549","http://manhattanbrewery2013.in/","4.4","11046","Brewpub","Monday1 pm–1 amTuesday1 pm–1 amWednesday1 pm–1 amThursday1 pm–1 amFriday1 pm–2 amSaturday1 pm–2 amSunday1 pm–1 amSuggest new hours","[object Object],[object Object],[object Object]"
"Jalsa Restaurant","F-11/9, Golf Course Road, गोल्फ कोर्स मार्ग, opp. Arjun Marg, DLF Phase 1, Sector 27, Gurugram, Haryana 122009","0124 425 7952","","4","5216","Tibetan restaurant","Monday11 am–12 amTuesday11 am–12 amWednesday11 am–12 amThursday11 am–12 amFriday11 am–12 amSaturday11 am–12 amSunday11 am–12 amSuggest new hours","[object Object],[object Object],[object Object]"
"Lord of the Juices","Shop no, 37, Vyapar Kendra Rd, Block C, Sushant Lok Phase I, Sector 43, Gurugram, Haryana 122009","099969 12135","","4.3","127","Fast food restaurant","Monday9 am–11 pmTuesday9 am–11 pmWednesday9 am–11 pmThursday9 am–11 pmFriday9 am–11 pmSaturday9 am–11 pmSunday9 am–11 pmSuggest new hours","[object Object],[object Object],[object Object]"
"Lord of the Juices","Shop no, 37, Vyapar Kendra Rd, Block C, Sushant Lok Phase I, Sector 43, Gurugram, Haryana 122009","099969 12135","","4.3","127","Fast food restaurant","Monday9 am–11 pmTuesday9 am–11 pmWednesday9 am–11 pmThursday9 am–11 pmFriday9 am–11 pmSaturday9 am–11 pmSunday9 am–11 pmSuggest new hours","[object Object],[object Object],[object Object]"
"Comorin","101, First Floor, Two Horizon Center, DLF Phase 5, Sector 43, Gurugram, Haryana 122009","0124 498 4224","","4.5","3662","Modern Indian restaurant","Monday12 pm–12 amTuesday12 pm–12 amWednesday12 pm–12 amThursday12 pm–12 amFriday12 pm–1 amSaturday12 pm–1 amSunday12 pm–12 amSuggest new hours","[object Object],[object Object],[object Object]"
"Comorin","101, First Floor, Two Horizon Center, DLF Phase 5, Sector 43, Gurugram, Haryana 122009","0124 498 4224","","4.5","3662","Modern Indian restaurant","Monday12 pm–12 amTuesday12 pm–12 amWednesday12 pm–12 amThursday12 pm–12 amFriday12 pm–1 amSaturday12 pm–1 amSunday12 pm–12 amSuggest new hours","[object Object],[object Object],[object Object]"
"threesixtyone°","The Oberoi, Gurgaon, 443, Udyog Vihar Phase V Rd, Phase V, Udyog Vihar, Sector 19, Gurugram, Haryana 122016","0124 245 1234","https://www.oberoihotels.com/hotels-in-gurgaon/dining/threesixtyone/?utm_source=GMBlisting&utm_medium=organic","4.7","1245","Coffee shop","Monday9 am–11 pmTuesday9 am–11 pmWednesday9 am–11 pmThursday9 am–11 pmFriday9 am–11 pmSaturday9 am–11 pmSunday9 am–11 pmSuggest new hours","[object Object],[object Object],[object Object]"
"threesixtyone°","The Oberoi, Gurgaon, 443, Udyog Vihar Phase V Rd, Phase V, Udyog Vihar, Sector 19, Gurugram, Haryana 122016","0124 245 1234","https://www.oberoihotels.com/hotels-in-gurgaon/dining/threesixtyone/?utm_source=GMBlisting&utm_medium=organic","4.7","1245","Coffee shop","Monday9 am–11 pmTuesday9 am–11 pmWednesday9 am–11 pmThursday9 am–11 pmFriday9 am–11 pmSaturday9 am–11 pmSunday9 am–11 pmSuggest new hours","[object Object],[object Object],[object Object]"
"The Barbeque Company","Sco - 305, Block C, South City I, Sector 29, Gurugram, Haryana 122009","084485 43002","https://www.barbequenation.com/","4.2","8979","Barbecue restaurant","Monday12–11:30 pmTuesday12–11:30 pmWednesday12–11:30 pmThursday12–11:30 pmFriday12–11:30 pmSaturday12–11:30 pmSunday12–11:30 pmSuggest new hours","[object Object],[object Object],[object Object]"
"Cilantro","443, Udyog Vihar Phase V Rd, Phase V, Udyog Vihar, Sector 19, Gurugram, Haryana 122016","0124 245 0505","http://www.tridenthotels.com/hotels-in-gurgaon/restaurant-in-gurgaon/dining-cilantro","4.5","436","Fine dining restaurant","Monday7 am–11 pmTuesday7 am–11 pmWednesday7 am–11 pmThursday7 am–11 pmFriday7 am–11 pmSaturday7 am–11 pmSunday7 am–11 pmSuggest new hours","[object Object],[object Object],[object Object]"
"Cilantro","443, Udyog Vihar Phase V Rd, Phase V, Udyog Vihar, Sector 19, Gurugram, Haryana 122016","0124 245 0505","http://www.tridenthotels.com/hotels-in-gurgaon/restaurant-in-gurgaon/dining-cilantro","4.5","436","Fine dining restaurant","Monday7 am–11 pmTuesday7 am–11 pmWednesday7 am–11 pmThursday7 am–11 pmFriday7 am–11 pmSaturday7 am–11 pmSunday7 am–11 pmSuggest new hours","[object Object],[object Object],[object Object]"
"Bloom Hotel - Golf Course Road, Sector 43","584, Golf Course Rd, near SYS Developers, Sector 43, Gurugram, Haryana 122009","0124 411 4420","https://staybloom.com/hotels/gurugram/bloom-hotel-sector-43","4.9","1440","","",""
"Bloom Hotel - Golf Course Road, Sector 43","584, Golf Course Rd, near SYS Developers, Sector 43, Gurugram, Haryana 122009","0124 411 4420","https://staybloom.com/hotels/gurugram/bloom-hotel-sector-43","4.9","1440","","",""
"Mustard Madras - Sector 29, Gurgaon","Second Floor, 344-P, above Dasaprakash Restaurant, Sector 29, Gurugram, Haryana 122009","097739 94881","https://mustardmadras.com/","4.7","1183","South Indian restaurant","Monday11 am–11 pmTuesday11 am–11 pmWednesday11 am–11 pmThursday11 am–11 pmFriday11 am–11 pmSaturday11 am–11 pmSunday11 am–11 pmSuggest new hours","[object Object],[object Object],[object Object]"
"Mustard Madras - Sector 29, Gurgaon","Second Floor, 344-P, above Dasaprakash Restaurant, Sector 29, Gurugram, Haryana 122009","097739 94881","https://mustardmadras.com/","4.7","1183","South Indian restaurant","Monday11 am–11 pmTuesday11 am–11 pmWednesday11 am–11 pmThursday11 am–11 pmFriday11 am–11 pmSaturday11 am–11 pmSunday11 am–11 pmSuggest new hours","[object Object],[object Object],[object Object]"
"Cena Pranzo","Grand Hyatt, Cena Pranzo, Golf Course Rd, Sector 58, Gurugram, Haryana 122098","088000 21048","https://www.hyattrestaurants.com/en/gurugram/restaurant/cena-pranzo-italian-trattoria-grand-hyatt-gurgaon?src=GMB","4.7","322","Italian restaurant","","[object Object],[object Object],[object Object]"
"Cactus lily","SF- 52, First Floor, DLF Galleria Rd, Galleria Market, Sector 28, DLF Phase IV, Gurugram, Haryana 122009","092055 54854","","4.4","896","Sandwich shop","Monday11 am–11 pmTuesday11 am–11 pmWednesday11 am–11 pmThursday11 am–11 pmFriday11 am–11 pmSaturday11 am–11 pmSunday11 am–11 pmSuggest new hours","[object Object],[object Object],[object Object]"
"Cactus lily","SF- 52, First Floor, DLF Galleria Rd, Galleria Market, Sector 28, DLF Phase IV, Gurugram, Haryana 122009","092055 54854","","4.4","896","Sandwich shop","Monday11 am–11 pmTuesday11 am–11 pmWednesday11 am–11 pmThursday11 am–11 pmFriday11 am–11 pmSaturday11 am–11 pmSunday11 am–11 pmSuggest new hours","[object Object],[object Object],[object Object]"
"ROF PORTICO","I, Vyapar Kendra Rd, Sushant Lok, Block C, Sushant Lok Phase I, Sector 43, Gurugram, Haryana 122009","099990 36154","","4.3","827","Shopping mall","Monday9 am–10 pmTuesday9 am–10 pmWednesday9 am–10 pmThursday9 am–10 pmFriday9 am–10 pmSaturday9 am–10 pmSunday9 am–11 pmSuggest new hours","[object Object],[object Object],[object Object]"
"ROF PORTICO","I, Vyapar Kendra Rd, Sushant Lok, Block C, Sushant Lok Phase I, Sector 43, Gurugram, Haryana 122009","099990 36154","","4.3","827","Shopping mall","Monday9 am–10 pmTuesday9 am–10 pmWednesday9 am–10 pmThursday9 am–10 pmFriday9 am–10 pmSaturday9 am–10 pmSunday9 am–11 pmSuggest new hours","[object Object],[object Object],[object Object]"
"Under The Neem","Karma Lakelands, Sector 80, Gurugram, Haryana 122012","096252 91720","https://karmachalets.co.in/under-the-neem","4.4","2854","Restaurant","","[object Object],[object Object],[object Object]"
"Under The Neem","Karma Lakelands, Sector 80, Gurugram, Haryana 122012","096252 91720","https://karmachalets.co.in/under-the-neem","4.4","2854","Restaurant","","[object Object],[object Object],[object Object]"
"Alwar Sweets & Namkeen","Shop No.GF-40, opposite Mother Dairy, Block C, Sushant Lok Phase I, Sector 43, Gurugram, Haryana 122009","0124 238 5031","","3.8","2228","Indian sweets shop","Monday9 am–10 pmTuesday9 am–10 pmWednesday9 am–10 pmThursday9 am–10 pmFriday9 am–10 pmSaturday9 am–10 pmSunday9 am–10 pmSuggest new hours","[object Object],[object Object],[object Object]"
"Alwar Sweets & Namkeen","Shop No.GF-40, opposite Mother Dairy, Block C, Sushant Lok Phase I, Sector 43, Gurugram, Haryana 122009","0124 238 5031","","3.8","2228","Indian sweets shop","Monday9 am–10 pmTuesday9 am–10 pmWednesday9 am–10 pmThursday9 am–10 pmFriday9 am–10 pmSaturday9 am–10 pmSunday9 am–10 pmSuggest new hours","[object Object],[object Object],[object Object]"
"Takashi Sushi Bar & Japanese Restaurant Gurugram","Trilium Avenue Mall, Sector 29, nearest Metro Huda city center, Haryana 122009","092209 08473","","4.6","388","Sushi restaurant","Monday12–3:30 pm6–11 pmTuesday12–3:30 pm6–11 pmWednesday12–3:30 pm6–11 pmThursday12–3:30 pm6–11 pmFriday12–3:30 pm6–11 pmSaturday12–3:30 pm6–11 pmSunday12–3:30 pm6–11 pmSuggest new hours","[object Object],[object Object],[object Object]"
"Takashi Sushi Bar & Japanese Restaurant Gurugram","Trilium Avenue Mall, Sector 29, nearest Metro Huda city center, Haryana 122009","092209 08473","","4.6","388","Sushi restaurant","Monday12–3:30 pm6–11 pmTuesday12–3:30 pm6–11 pmWednesday12–3:30 pm6–11 pmThursday12–3:30 pm6–11 pmFriday12–3:30 pm6–11 pmSaturday12–3:30 pm6–11 pmSunday12–3:30 pm6–11 pmSuggest new hours","[object Object],[object Object],[object Object]"
"Grotto - Pizzeria|Coffee Shop","SF - 090, First floor, Galleria Market, Sector 28, DLF Phase IV, Gurugram, Haryana 122009","099109 08290","https://grottopizzeria.in/","4.8","1781","Italian restaurant","Monday12 pm–12 amTuesday12 pm–12 amWednesday12 pm–12 amThursday12 pm–12 amFriday12 pm–12 amSaturday12 pm–12 amSunday12 pm–12 amSuggest new hours","[object Object],[object Object],[object Object]"
"Grotto - Pizzeria|Coffee Shop","SF - 090, First floor, Galleria Market, Sector 28, DLF Phase IV, Gurugram, Haryana 122009","099109 08290","https://grottopizzeria.in/","4.8","1781","Italian restaurant","Monday12 pm–12 amTuesday12 pm–12 amWednesday12 pm–12 amThursday12 pm–12 amFriday12 pm–12 amSaturday12 pm–12 amSunday12 pm–12 amSuggest new hours","[object Object],[object Object],[object Object]"
"Burma Burma Restaurant & Tea Room","Tower C, DLF Cyber Hub, Shop No - 6 Ground Floor, DLF Cyber City, DLF Phase 3, Gurugram, Haryana 122002","099202 40188","https://www.burmaburma.in/","4.6","3660","Burmese restaurant","Monday12–3:30 pm6:30–11 pmTuesday12–3:30 pm6:30–11 pmWednesday12–3:30 pm6:30–11 pmThursday12–3:30 pm6:30–11 pmFriday12–3:30 pm6:30–11 pmSaturday12–4 pm6:30–11 pmSunday12–4 pm6:30–11 pmSuggest new hours","[object Object],[object Object],[object Object]"
"Burma Burma Restaurant & Tea Room","Tower C, DLF Cyber Hub, Shop No - 6 Ground Floor, DLF Cyber City, DLF Phase 3, Gurugram, Haryana 122002","099202 40188","https://www.burmaburma.in/","4.6","3660","Burmese restaurant","Monday12–3:30 pm6:30–11 pmTuesday12–3:30 pm6:30–11 pmWednesday12–3:30 pm6:30–11 pmThursday12–3:30 pm6:30–11 pmFriday12–3:30 pm6:30–11 pmSaturday12–4 pm6:30–11 pmSunday12–4 pm6:30–11 pmSuggest new hours","[object Object],[object Object],[object Object]"
"Veer Da Chappar","metro pillar no 19, Shop no 2 , 1st floor, Mehrauli-Gurgaon Rd, opposite rapid, near City court, Sikanderpur, Gurugram, Haryana 122002","097738 80222","https://veerdachappar.com/","4.6","2183","Family restaurant","Monday12–6 am12 pm–12 amTuesday12–6 am12 pm–12 amWednesday12–6 am12 pm–12 amThursday12–6 am12 pm–12 amFriday12–6 am12 pm–12 amSaturday12–6 am12 pm–12 amSunday12–6 am12 pm–12 amSuggest new hours","[object Object],[object Object],[object Object]"
"Downtown Kitchen & Bar","Courtyard By Marriott, 27, B Block Dr, Sushant Lok Phase I, Sector 27, Gurugram, Haryana 122009","","","3.4","9","Buffet restaurant","Monday6:30 am–11 pmTuesday6:30 am–11 pmWednesday6:30 am–11 pmThursday6:30 am–11 pmFriday6:30 am–11 pmSaturday6:30 am–11 pmSunday6:30 am–11 pmSuggest new hours","[object Object],[object Object],[object Object]"
"The Joint Cafe","Shop No. 100, 1st Floor, Complex, Sector 28, DLF Phase IV, Gurugram, Haryana 122009","095999 92444","https://www.instagram.com/jointcafegurgaon/?hl=en","4.4","363","Cafe","","[object Object],[object Object],[object Object]"
"The Pasta Bowl Company","2nd Floor, Crosspoint Mall, Sector 28, DLF Phase IV, Gurugram, Haryana 122009","","http://www.thepastabowlcompany.com/","4.4","1614","Italian restaurant","Monday10:30 am–11:30 pmTuesday10:30 am–11:30 pmWednesday10:30 am–11:30 pmThursday10:30 am–11:30 pmFriday10:30 am–11:30 pmSaturday10:30 am–11:30 pmSunday10:30 am–11:30 pmSuggest new hours","[object Object],[object Object],[object Object]"
"The Pasta Bowl Company","2nd Floor, Crosspoint Mall, Sector 28, DLF Phase IV, Gurugram, Haryana 122009","","http://www.thepastabowlcompany.com/","4.4","1614","Italian restaurant","Monday10:30 am–11:30 pmTuesday10:30 am–11:30 pmWednesday10:30 am–11:30 pmThursday10:30 am–11:30 pmFriday10:30 am–11:30 pmSaturday10:30 am–11:30 pmSunday10:30 am–11:30 pmSuggest new hours","[object Object],[object Object],[object Object]"
"Houz Of Play HOP","C-1001, near Vyapar Kendra Road, Block C, Sushant Lok Phase I, Sector 43, Gurugram, Haryana 122009","098914 74447","","4.7","185","Children's amusement center","Monday1:30–8:30 pmTuesday1:30–8:30 pmWednesday1:30–8:30 pmThursday1:30–8:30 pmFriday1:30–8:30 pmSaturday11 am–8:30 pmSunday11 am–8:30 pmSuggest new hours","[object Object],[object Object],[object Object]"
"Houz Of Play HOP","C-1001, near Vyapar Kendra Road, Block C, Sushant Lok Phase I, Sector 43, Gurugram, Haryana 122009","098914 74447","","4.7","185","Children's amusement center","Monday1:30–8:30 pmTuesday1:30–8:30 pmWednesday1:30–8:30 pmThursday1:30–8:30 pmFriday1:30–8:30 pmSaturday11 am–8:30 pmSunday11 am–8:30 pmSuggest new hours","[object Object],[object Object],[object Object]"
"Lost Lemons","SCO 27 and 28, Sector 29, Gurugram, Haryana 122009","","","4.1","2077","Gastropub","Monday12–4 am3 pm–12 amTuesday12–4 am3 pm–12 amWednesday12–4 am3 pm–12 amThursday12–4 am3 pm–12 amFriday12–4 am1 pm–12 amSaturday12–6 am1 pm–12 amSunday12–6 am1 pm–12 amSuggest new hours","[object Object],[object Object],[object Object]"
"Kaiseeki: Premium Pan-Asian Restaurant","DLF Galleria Rd, Galleria Market, Sector 28, DLF Phase IV, Gurugram, Haryana 122009","084476 77509","","4.5","42","Pan-Asian restaurant","MondayOpen 24 hoursTuesdayOpen 24 hoursWednesdayOpen 24 hoursThursdayOpen 24 hoursFridayOpen 24 hoursSaturdayOpen 24 hoursSundayOpen 24 hoursSuggest new hours","[object Object],[object Object],[object Object]"
"Kaiseeki: Premium Pan-Asian Restaurant","DLF Galleria Rd, Galleria Market, Sector 28, DLF Phase IV, Gurugram, Haryana 122009","084476 77509","","4.5","42","Pan-Asian restaurant","MondayOpen 24 hoursTuesdayOpen 24 hoursWednesdayOpen 24 hoursThursdayOpen 24 hoursFridayOpen 24 hoursSaturdayOpen 24 hoursSundayOpen 24 hoursSuggest new hours","[object Object],[object Object],[object Object]"
"Bhai ji","F34W+H9H, Sector 42, Gurugram, Haryana 122009","","","3.5","2","Park","","[object Object],[object Object]"
"Jalsa Indian and Ladakhi kitchen","Galleria Market, Sector 28, DLF Phase IV, Gurugram, Haryana 122009","0124 411 8719","","3.6","282","Tibetan restaurant","Monday11 am–12 amTuesday11 am–12 amWednesday11 am–12 amThursday11 am–12 amFriday11 am–12 amSaturday11 am–12 amSunday11 am–12 amSuggest new hours","[object Object],[object Object],[object Object]"
"Shyam Vihari Food","near Huda metro, Sector 29, Gurugram, Haryana 122009","","","4.4","65960","Restaurant","Monday6 am–11 pmTuesday6 am–11 pmWednesday6 am–11 pmThursday6 am–11 pmFriday6 am–11 pmSaturday6 am–11 pmSunday6 am–11 pmSuggest new hours","[object Object],[object Object],[object Object]"
"The Gully Cafe","Sector 29, Gurugram, Haryana 122009","080778 03289","https://thegullycafe.co.in/","4.4","1465","North Indian restaurant","Monday10:30 am–1 amTuesday10:30 am–1 amWednesday10:30 am–1 amThursday10:30 am–1 amFriday10:30 am–1 amSaturday9 am–1 amSunday9 am–1 amSuggest new hours","[object Object],[object Object],[object Object]"
"Sugar Swap - Deliciously Keto","C-432, Block C, Sushant Lok Phase I, Sector 43, Gurugram, Haryana 122009","098995 95044","https://sugarswap.in/","4.7","35","Health food store","Monday10 am–10 pmTuesday10 am–10 pmWednesday10 am–10 pmThursday10 am–10 pmFriday10 am–10 pmSaturday10 am–10 pmSunday10 am–10 pmSuggest new hours","[object Object],[object Object],[object Object]"
"AMPM Cafe & Bar","R-003, DLF, Galleria Market, Sector 28, DLF Phase IV, Gurugram, Haryana 122009","097177 80594","http://brighthospitality.in/am-pm.php","4.2","3580","Cafe","Monday12 pm–1 amTuesday12 pm–1 amWednesday12 pm–1 amThursday12 pm–1 amFriday12 pm–1 amSaturday12 pm–1 amSunday12 pm–1 amSuggest new hours","[object Object],[object Object],[object Object]"
"DHABA 29","SCO-29, Ground floor Sector 29, Market Road, Gurugram, Haryana 122009","0124 421 1181","http://dhaba29.com/","4.4","2974","North Indian restaurant","Monday11 am–2 amTuesday11 am–2 amWednesday11 am–2 amThursday11 am–2 amFriday11 am–2 amSaturday11 am–2 amSunday11 am–2 amSuggest new hours","[object Object],[object Object],[object Object]"
"Cafe By Soul","B-11/1, Ashoka Cresent Marg, DLF Phase 1, Sector 26A, Gurugram, Haryana 122002","088268 56001","http://www.cafebysoul.com/","4.2","1139","Cafe","Monday7:30 am–11 pmTuesday7:30 am–11 pmWednesday7:30 am–11 pmThursday7:30 am–11 pmFriday7:30 am–11 pmSaturday7:30 am–11 pmSunday7:30 am–11 pmSuggest new hours","[object Object],[object Object],[object Object]"
"Treebo Sai Village Gold Souk - Sec 43","Plot no. C - 2602A, Mall, near Gold Souk, Block C, Sushant Lok Phase I, Sector 43, Gurugram, Haryana 122001","097718 46771","https://www.treebo.com/hotels-in-gurgaon/treebo-sai-village-gold-souk-sec-43-sushant-lok-2989/?utm_source=partnerships&utm_medium=gmb&utm_campaign=gmblisting","4.4","233","","",""
"Treebo Sai Village Gold Souk - Sec 43","Plot no. C - 2602A, Mall, near Gold Souk, Block C, Sushant Lok Phase I, Sector 43, Gurugram, Haryana 122001","097718 46771","https://www.treebo.com/hotels-in-gurgaon/treebo-sai-village-gold-souk-sec-43-sushant-lok-2989/?utm_source=partnerships&utm_medium=gmb&utm_campaign=gmblisting","4.4","233","","",""
"Long Finish by Ramen Donn","SF-28, 1st Floor, above Forest Essentials, Galleria Market, Sector 28, DLF Phase IV, Gurugram, Haryana 122009","093110 39674","","4.2","183","Ramen restaurant","Monday12:30–4 pm6 pm–12 amTuesdayClosedWednesday12:30–4 pm6 pm–12 amThursday12:30–4 pm6 pm–12 amFriday12:30–4 pm6 pm–12 amSaturday12:30–4 pm6 pm–12 amSunday12:30–4 pm6 pm–12 amSuggest new hours","[object Object],[object Object],[object Object]"
"Downtown Diner & Fresh Beer Cafe","34, Leisure Valley Rd, Sector 29, Gurugram, Haryana 122009","095822 62545","https://downtownbrewery.in/","4.5","10255","Brewery","Monday1 pm–2 amTuesday1 pm–2 amWednesday1 pm–2 amThursday1 pm–2 amFriday1 pm–2 amSaturday1 pm–2 amSunday1 pm–2 amSuggest new hours","[object Object],[object Object],[object Object]"
"Downtown Diner & Fresh Beer Cafe","34, Leisure Valley Rd, Sector 29, Gurugram, Haryana 122009","095822 62545","https://downtownbrewery.in/","4.5","10255","Brewery","Monday1 pm–2 amTuesday1 pm–2 amWednesday1 pm–2 amThursday1 pm–2 amFriday1 pm–2 amSaturday1 pm–2 amSunday1 pm–2 amSuggest new hours","[object Object],[object Object],[object Object]"
"Roots - Cafe in the Park","Leisure Valley Rd, Near Rajiv Gandhi Park, Sector 29, Gurugram, Haryana 122009","099711 34920","https://redcedarhospitality.com/","4.3","5930","Cafe","Monday8 am–9 pmTuesday8 am–9 pmWednesday8 am–9 pmThursday8 am–9 pmFriday8 am–9 pmSaturday8 am–9 pmSunday8 am–9 pmSuggest new hours","[object Object],[object Object],[object Object]"
"Roots - Cafe in the Park","Leisure Valley Rd, Near Rajiv Gandhi Park, Sector 29, Gurugram, Haryana 122009","099711 34920","https://redcedarhospitality.com/","4.3","5930","Cafe","Monday8 am–9 pmTuesday8 am–9 pmWednesday8 am–9 pmThursday8 am–9 pmFriday8 am–9 pmSaturday8 am–9 pmSunday8 am–9 pmSuggest new hours","[object Object],[object Object],[object Object]"
"FabHotel Golf Inn - Hotel in Sector 43, Gurgaon","Golf Inn, 637, Sector 43, Gurugram, Haryana 122009","070424 24242","https://www.fabhotels.com/hotels-in-gurgaon/fabhotel-golf-inn.html?utm_source=GMB&utm_medium=organic&utm_campaign=GMB_Traffic","4.5","274","","",""
"Downtown Galleria","106, DLF Galleria, Phase IV, Gurugram, Haryana 122009","085270 09985","https://downtownbrewery.in/","4.4","3183","Brewpub","Monday12:30 pm–1 amTuesday12:30 pm–1 amWednesday12:30 pm–1 amThursday12:30 pm–1 amFriday12:30 pm–2 amSaturday12:30 pm–2 amSunday12:30 pm–1 amSuggest new hours","[object Object],[object Object],[object Object]"
"Downtown Galleria","106, DLF Galleria, Phase IV, Gurugram, Haryana 122009","085270 09985","https://downtownbrewery.in/","4.4","3183","Brewpub","Monday12:30 pm–1 amTuesday12:30 pm–1 amWednesday12:30 pm–1 amThursday12:30 pm–1 amFriday12:30 pm–2 amSaturday12:30 pm–2 amSunday12:30 pm–1 amSuggest new hours","[object Object],[object Object],[object Object]"
"Dhaba Estd 1986 Delhi, Cyber Hub","Shop No. 111, 1st Floor, Cyber Hub, behind RBS, DLF Cyber City, DLF Phase 2, Sector 24, Gurugram, Haryana 122002","085279 00779","http://dhaba1986.com/","3.9","1516","North Indian restaurant","Monday12–11:30 pmTuesday12–11:30 pmWednesday12–11:30 pmThursday12–11:30 pmFriday12–11:30 pmSaturday12–11:30 pmSunday12–11:30 pmSuggest new hours","[object Object],[object Object],[object Object]"
"Dhaba Estd 1986 Delhi, Cyber Hub","Shop No. 111, 1st Floor, Cyber Hub, behind RBS, DLF Cyber City, DLF Phase 2, Sector 24, Gurugram, Haryana 122002","085279 00779","http://dhaba1986.com/","3.9","1516","North Indian restaurant","Monday12–11:30 pmTuesday12–11:30 pmWednesday12–11:30 pmThursday12–11:30 pmFriday12–11:30 pmSaturday12–11:30 pmSunday12–11:30 pmSuggest new hours","[object Object],[object Object],[object Object]"
"China Garden Gurgaon, Gurugram","Trillium Avenue, Sector 29, Gurugram, Haryana 122009","092209 08473","https://www.zomato.com/ncr/china-garden-sector-29-gurgaon/info","4.4","898","Chinese restaurant","Monday12–11 pmTuesday12–11 pmWednesday12–11 pmThursday12–11 pmFriday12–11 pmSaturday12–11:30 pmSunday12–11 pmSuggest new hours","[object Object],[object Object],[object Object]"
"China Garden Gurgaon, Gurugram","Trillium Avenue, Sector 29, Gurugram, Haryana 122009","092209 08473","https://www.zomato.com/ncr/china-garden-sector-29-gurgaon/info","4.4","898","Chinese restaurant","Monday12–11 pmTuesday12–11 pmWednesday12–11 pmThursday12–11 pmFriday12–11 pmSaturday12–11:30 pmSunday12–11 pmSuggest new hours","[object Object],[object Object],[object Object]"
"Bloom - Golf Course Road","609, Golf Course Rd, near Novo Healthcare Ltd, Sector 42, Gurugram, Haryana 122009","0124 448 8815","https://staybloom.com/hotels/gurugram/bloom-golf-course-road","4.8","3019","","",""
"Bloom - Golf Course Road","609, Golf Course Rd, near Novo Healthcare Ltd, Sector 42, Gurugram, Haryana 122009","0124 448 8815","https://staybloom.com/hotels/gurugram/bloom-golf-course-road","4.8","3019","","",""
"Bikanervala | JMD Empire Square Gurugram","First Floor, JMD Empire Square, Mehrauli-Gurgaon Rd, A Block, DLF Phase 1, Sector 24, Gurugram, Haryana 122002","098215 91142","https://bikanervala.com/pages/jmd-empire-gurugram","4.2","324","Family restaurant","Monday11 am–10:30 pmTuesday11 am–10:30 pmWednesday11 am–10:30 pmThursday11 am–10:30 pmFriday11 am–10:30 pmSaturday11 am–10:30 pmSunday11 am–10:30 pmSuggest new hours","[object Object],[object Object],[object Object]"
"Pizzeria da Susy","109-110, 1st floor, Crosspoint Mall, Hamilton Ct Rd, Sector 28, DLF City IV, Gurugram, Haryana 122009","099589 12406","http://www.dasusy.com/","4.4","1935","Italian restaurant","Monday12–10 pmTuesday12–10 pmWednesday12–10 pmThursday12–10 pmFriday12–11:15 pmSaturday12–11:15 pmSunday12–11:15 pmSuggest new hours","[object Object],[object Object],[object Object]"
"Chull Club","Leisure Valley Rd, above वेयरहाउस कैफे, Sector 29, Gurugram, Haryana 122009","","https://www.facebook.com/chullgurgaon/","3.6","1394","Bar","","[object Object],[object Object],[object Object]"
"Open Tap Sector 29","38, Sector 29, Gurugram, Haryana 122002","099711 10974","","4.4","4090","Brewpub","Monday12 pm–2 amTuesday12 pm–2 amWednesday12 pm–2 amThursday12 pm–2 amFriday12 pm–2 amSaturday12 pm–2 amSunday12 pm–2 amSuggest new hours","[object Object],[object Object],[object Object]"
"Open Tap Sector 29","38, Sector 29, Gurugram, Haryana 122002","099711 10974","","4.4","4090","Brewpub","Monday12 pm–2 amTuesday12 pm–2 amWednesday12 pm–2 amThursday12 pm–2 amFriday12 pm–2 amSaturday12 pm–2 amSunday12 pm–2 amSuggest new hours","[object Object],[object Object],[object Object]"
"Open Tap Sector 29","38, Sector 29, Gurugram, Haryana 122002","099711 10974","","4.4","4090","Brewpub","Monday12 pm–2 amTuesday12 pm–2 amWednesday12 pm–2 amThursday12 pm–2 amFriday12 pm–2 amSaturday12 pm–2 amSunday12 pm–2 amSuggest new hours","[object Object],[object Object],[object Object]"
"Blue Tokai Coffee Roasters | ROF Portico","Ground Floor, ROF PORTICO, SN 7 & 8, Phase -1, Block C, Sushant Lok Phase I, Sector 43, Gurugram, Haryana 122009","095990 87748","https://stores.bluetokaicoffee.com/blue-tokai-coffee-roasters-rof-portico-cafe-sushant-lok-gurugram-446559/Home?utm_source=locator&utm_medium=googleplaces","4.3","50","Coffee shop","Monday7 am–11 pmTuesday7 am–11 pmWednesday7 am–11 pmThursday7 am–11 pmFriday7 am–11 pmSaturday7 am–11 pmSunday7 am–11 pmSuggest new hours","[object Object],[object Object],[object Object]"
"Blue Tokai Coffee Roasters | ROF Portico","Ground Floor, ROF PORTICO, SN 7 & 8, Phase -1, Block C, Sushant Lok Phase I, Sector 43, Gurugram, Haryana 122009","095990 87748","https://stores.bluetokaicoffee.com/blue-tokai-coffee-roasters-rof-portico-cafe-sushant-lok-gurugram-446559/Home?utm_source=locator&utm_medium=googleplaces","4.3","50","Coffee shop","Monday7 am–11 pmTuesday7 am–11 pmWednesday7 am–11 pmThursday7 am–11 pmFriday7 am–11 pmSaturday7 am–11 pmSunday7 am–11 pmSuggest new hours","[object Object],[object Object],[object Object]"
"Jagdish Vaishno Dhaba","Opp Gurgaon Dreams Mall Near Sector 7&4 Chowk, Old Railway Rd, Gurugram, Haryana 122001","0124 428 9655","","3.7","160","Dhaba","Monday8:30 am–11 pmTuesday8:30 am–11 pmWednesday8:30 am–11 pmThursday8:30 am–11 pmFriday8:30 am–11 pmSaturday8:30 am–11 pmSunday8:30 am–11 pmSuggest new hours","[object Object],[object Object],[object Object]"
"Perch Arbor Suites","C 988, Block C Dr, Block C, Sushant Lok Phase I, Sector 43, Gurugram, Haryana 122009","084484 44240","https://www.theperch.in/properties/perch-arbor","4.1","386","","",""
"Club Decode","SCO 39, First Floor, Sector 29, Gurugram, Haryana 122009","099536 59502","https://www.instagram.com/decodeairbar/?hl=en","4.4","1563","Cocktail bar","Monday2 pm–2 amTuesday2 pm–2 amWednesday2 pm–2 amThursday2 pm–2 amFriday2 pm–2 amSaturday2 pm–2 amSunday2 pm–2 amSuggest new hours","[object Object],[object Object],[object Object]"
"Club Decode","SCO 39, First Floor, Sector 29, Gurugram, Haryana 122009","099536 59502","https://www.instagram.com/decodeairbar/?hl=en","4.4","1563","Cocktail bar","Monday2 pm–2 amTuesday2 pm–2 amWednesday2 pm–2 amThursday2 pm–2 amFriday2 pm–2 amSaturday2 pm–2 amSunday2 pm–2 amSuggest new hours","[object Object],[object Object],[object Object]"
"FES Cafe & Desserts","SF-07, 10, I floor, Galleria Market, Sector 28, DLF Phase IV, Gurugram, Haryana 122009","0124 411 6976","http://www.fescafe.in/","4.2","312","Cafe","Monday9 am–12 amTuesday9 am–12 amWednesday9 am–12 amThursday9 am–12 amFriday9 am–12 amSaturday9 am–12 amSunday9 am–12 amSuggest new hours","[object Object],[object Object],[object Object]"
"Anya Gurgaon","42, Golf Course Rd, DLF Phase 5, Sector 43, Gurugram, Haryana 122009","1800 572 2692","http://www.anyahotels.com/","4","2237","","",""